id,order_id,timestamp,gender_id,gender_name,order_type_id,order_type_name,weather_id,weather_name,time_slot_id,time_slot_name,total_price,discount
20240401-001,,2024-04-01 07:03:21,2,女,1,店内,3,雨,1,モーニング,850,0
20240401-002,,2024-04-01 07:28:29,2,女,1,店内,3,雨,1,モーニング,900,130
20240401-003,,2024-04-01 07:36:34,1,男,1,店内,3,雨,1,モーニング,900,110
20240401-010,,2024-04-01 11:55:18,2,女,1,店内,3,雨,2,ランチ,1200,280
20240401-011,,2024-04-01 12:09:29,1,男,1,店内,3,雨,2,ランチ,1200,230
20240401-012,,2024-04-01 12:16:14,2,女,1,店内,3,雨,2,ランチ,1200,210
20240401-013,,2024-04-01 12:44:57,2,女,1,店内,3,雨,2,ランチ,1200,260
20240401-014,,2024-04-01 12:48:22,1,男,1,店内,3,雨,2,ランチ,1200,170
20240401-015,,2024-04-01 13:15:10,1,男,1,店内,3,雨,2,ランチ,1200,230
20240401-016,,2024-04-01 13:17:32,1,男,2,テイクアウト,3,雨,2,ランチ,1300,0
20240401-017,,2024-04-01 15:02:55,2,女,1,店内,3,雨,3,ティータイム,800,90
20240401-018,,2024-04-01 15:30:26,1,男,1,店内,3,雨,3,ティータイム,800,30
20240401-019,,2024-04-01 15:36:05,2,女,1,店内,3,雨,3,ティータイム,780,0
20240401-020,,2024-04-01 15:47:00,2,女,1,店内,3,雨,3,ティータイム,800,60
20240401-004,,2024-04-01 09:08:07,2,女,2,テイクアウト,3,雨,4,レギュラー,500,0
20240401-005,,2024-04-01 09:25:02,2,女,1,店内,3,雨,4,レギュラー,840,0
20240401-006,,2024-04-01 09:42:17,1,男,1,店内,3,雨,4,レギュラー,1470,0
20240401-007,,2024-04-01 09:50:47,1,男,1,店内,3,雨,4,レギュラー,870,0
20240401-008,,2024-04-01 10:01:47,2,女,1,店内,3,雨,4,レギュラー,910,0
20240401-009,,2024-04-01 10:20:33,2,女,1,店内,3,雨,4,レギュラー,300,0
20240402-001,,2024-04-02 07:05:28,2,女,1,店内,3,雨,1,モーニング,900,70
20240402-002,,2024-04-02 07:23:00,1,男,1,店内,3,雨,1,モーニング,900,70
20240402-003,,2024-04-02 07:33:40,2,女,1,店内,3,雨,1,モーニング,900,100
20240402-004,,2024-04-02 07:56:16,1,男,1,店内,3,雨,1,モーニング,900,50
20240402-005,,2024-04-02 08:05:08,2,女,1,店内,3,雨,1,モーニング,880,0
20240402-006,,2024-04-02 08:23:05,1,男,2,テイクアウト,3,雨,1,モーニング,500,0
20240402-007,,2024-04-02 08:43:15,2,女,2,テイクアウト,3,雨,1,モーニング,2350,0
20240402-008,,2024-04-02 08:55:24,2,女,1,店内,3,雨,1,モーニング,900,40
20240402-014,,2024-04-02 11:55:53,2,女,1,店内,3,雨,2,ランチ,1200,380
20240402-015,,2024-04-02 12:02:51,2,女,1,店内,3,雨,2,ランチ,1200,280
20240402-016,,2024-04-02 12:18:47,2,女,1,店内,3,雨,2,ランチ,1200,290
20240402-017,,2024-04-02 12:36:45,1,男,1,店内,3,雨,2,ランチ,1200,130
20240402-018,,2024-04-02 12:58:56,1,男,1,店内,3,雨,2,ランチ,1200,180
20240402-019,,2024-04-02 13:01:27,1,男,1,店内,3,雨,2,ランチ,1200,220
20240402-020,,2024-04-02 13:23:47,2,女,1,店内,3,雨,2,ランチ,1200,160
20240402-021,,2024-04-02 15:03:39,2,女,1,店内,3,雨,3,ティータイム,800,30
20240402-009,,2024-04-02 09:06:20,1,男,1,店内,3,雨,4,レギュラー,900,0
20240402-010,,2024-04-02 09:20:52,2,女,1,店内,3,雨,4,レギュラー,400,0
20240402-011,,2024-04-02 09:40:10,2,女,1,店内,3,雨,4,レギュラー,380,0
20240402-012,,2024-04-02 09:45:06,2,女,1,店内,3,雨,4,レギュラー,420,0
20240402-013,,2024-04-02 10:04:21,2,女,1,店内,3,雨,4,レギュラー,850,0
20240403-001,,2024-04-03 07:10:47,1,男,2,テイクアウト,1,晴れ,1,モーニング,840,0
20240403-002,,2024-04-03 07:26:04,1,男,2,テイクアウト,1,晴れ,1,モーニング,580,0
20240403-003,,2024-04-03 07:31:29,1,男,1,店内,1,晴れ,1,モーニング,900,200
20240403-004,,2024-04-03 07:56:05,1,男,1,店内,1,晴れ,1,モーニング,900,200
20240403-005,,2024-04-03 08:01:17,2,女,1,店内,1,晴れ,1,モーニング,900,130
20240403-014,,2024-04-03 11:47:49,1,男,2,テイクアウト,1,晴れ,2,ランチ,870,0
20240403-015,,2024-04-03 12:14:46,1,男,1,店内,1,晴れ,2,ランチ,1200,200
20240403-016,,2024-04-03 12:22:41,2,女,2,テイクアウト,1,晴れ,2,ランチ,1720,0
20240403-017,,2024-04-03 12:41:39,2,女,1,店内,1,晴れ,2,ランチ,1200,120
20240403-018,,2024-04-03 12:52:24,2,女,2,テイクアウト,1,晴れ,2,ランチ,420,0
20240403-019,,2024-04-03 13:08:37,2,女,1,店内,1,晴れ,2,ランチ,1200,320
20240403-020,,2024-04-03 13:15:27,2,女,1,店内,1,晴れ,2,ランチ,1200,190
20240403-021,,2024-04-03 15:10:08,2,女,1,店内,1,晴れ,3,ティータイム,750,0
20240403-022,,2024-04-03 15:18:36,2,女,1,店内,1,晴れ,3,ティータイム,770,0
20240403-023,,2024-04-03 15:45:03,2,女,1,店内,1,晴れ,3,ティータイム,800,10
20240403-024,,2024-04-03 15:55:50,1,男,1,店内,1,晴れ,3,ティータイム,800,60
20240403-006,,2024-04-03 09:11:50,2,女,1,店内,1,晴れ,4,レギュラー,820,0
20240403-007,,2024-04-03 09:23:38,2,女,1,店内,1,晴れ,4,レギュラー,420,0
20240403-008,,2024-04-03 09:35:18,1,男,1,店内,1,晴れ,4,レギュラー,1390,0
20240403-009,,2024-04-03 09:55:10,1,男,1,店内,1,晴れ,4,レギュラー,900,0
20240403-010,,2024-04-03 10:13:53,1,男,2,テイクアウト,1,晴れ,4,レギュラー,910,0
20240403-011,,2024-04-03 10:20:54,1,男,2,テイクアウト,1,晴れ,4,レギュラー,450,0
20240403-012,,2024-04-03 10:31:52,1,男,1,店内,1,晴れ,4,レギュラー,400,0
20240403-013,,2024-04-03 10:57:13,2,女,1,店内,1,晴れ,4,レギュラー,930,0
20240404-001,,2024-04-04 07:03:14,1,男,2,テイクアウト,2,曇り,1,モーニング,870,0
20240404-002,,2024-04-04 07:18:17,2,女,1,店内,2,曇り,1,モーニング,900,60
20240404-003,,2024-04-04 07:43:40,2,女,1,店内,2,曇り,1,モーニング,880,0
20240404-004,,2024-04-04 07:46:18,1,男,1,店内,2,曇り,1,モーニング,900,200
20240404-005,,2024-04-04 08:04:02,2,女,1,店内,2,曇り,1,モーニング,900,70
20240404-006,,2024-04-04 08:16:20,2,女,1,店内,2,曇り,1,モーニング,900,30
20240404-007,,2024-04-04 08:43:44,2,女,1,店内,2,曇り,1,モーニング,900,70
20240404-008,,2024-04-04 08:49:29,2,女,1,店内,2,曇り,1,モーニング,870,0
20240404-016,,2024-04-04 11:57:01,1,男,2,テイクアウト,2,曇り,2,ランチ,550,0
20240404-017,,2024-04-04 12:11:14,1,男,1,店内,2,曇り,2,ランチ,1200,250
20240404-018,,2024-04-04 12:18:08,1,男,2,テイクアウト,2,曇り,2,ランチ,870,0
20240404-019,,2024-04-04 12:33:46,1,男,1,店内,2,曇り,2,ランチ,1200,320
20240404-020,,2024-04-04 12:56:29,2,女,1,店内,2,曇り,2,ランチ,1200,220
20240404-021,,2024-04-04 13:01:45,2,女,2,テイクアウト,2,曇り,2,ランチ,2290,0
20240404-022,,2024-04-04 13:20:31,2,女,1,店内,2,曇り,2,ランチ,1200,300
20240404-023,,2024-04-04 15:04:14,1,男,1,店内,2,曇り,3,ティータイム,770,0
20240404-024,,2024-04-04 15:29:32,2,女,1,店内,2,曇り,3,ティータイム,800,30
20240404-025,,2024-04-04 15:40:14,2,女,1,店内,2,曇り,3,ティータイム,800,120
20240404-009,,2024-04-04 09:08:38,1,男,1,店内,2,曇り,4,レギュラー,350,0
20240404-010,,2024-04-04 09:20:43,1,男,1,店内,2,曇り,4,レギュラー,930,0
20240404-011,,2024-04-04 09:31:40,1,男,1,店内,2,曇り,4,レギュラー,800,0
20240404-012,,2024-04-04 09:53:37,1,男,2,テイクアウト,2,曇り,4,レギュラー,970,0
20240404-013,,2024-04-04 10:10:41,2,女,1,店内,2,曇り,4,レギュラー,1020,0
20240404-014,,2024-04-04 10:28:35,2,女,1,店内,2,曇り,4,レギュラー,870,0
20240404-015,,2024-04-04 10:32:45,1,男,1,店内,2,曇り,4,レギュラー,870,0
20240405-001,,2024-04-05 07:09:53,2,女,1,店内,1,晴れ,1,モーニング,900,70
20240405-002,,2024-04-05 07:27:02,2,女,2,テイクアウト,1,晴れ,1,モーニング,1400,0
20240405-003,,2024-04-05 07:32:52,1,男,1,店内,1,晴れ,1,モーニング,900,30
20240405-004,,2024-04-05 08:00:17,1,男,1,店内,1,晴れ,1,モーニング,900,40
20240405-005,,2024-04-05 08:09:56,1,男,2,テイクアウト,1,晴れ,1,モーニング,2080,0
20240405-006,,2024-04-05 08:27:43,1,男,1,店内,1,晴れ,1,モーニング,900,180
20240405-007,,2024-04-05 08:41:05,2,女,1,店内,1,晴れ,1,モーニング,880,0
20240405-008,,2024-04-05 08:57:34,2,女,2,テイクアウト,1,晴れ,1,モーニング,1450,0
20240405-019,,2024-04-05 11:53:04,1,男,1,店内,1,晴れ,2,ランチ,1200,270
20240405-020,,2024-04-05 12:04:21,2,女,1,店内,1,晴れ,2,ランチ,1200,240
20240405-021,,2024-04-05 12:28:14,2,女,1,店内,1,晴れ,2,ランチ,1200,400
20240405-022,,2024-04-05 12:39:48,1,男,1,店内,1,晴れ,2,ランチ,1200,230
20240405-023,,2024-04-05 12:53:39,1,男,1,店内,1,晴れ,2,ランチ,1200,120
20240405-024,,2024-04-05 13:05:15,1,男,1,店内,1,晴れ,2,ランチ,1200,200
20240405-025,,2024-04-05 13:15:33,2,女,1,店内,1,晴れ,2,ランチ,1200,250
20240405-026,,2024-04-05 15:11:04,1,男,1,店内,1,晴れ,3,ティータイム,800,0
20240405-027,,2024-04-05 15:28:53,2,女,2,テイクアウト,1,晴れ,3,ティータイム,500,0
20240405-028,,2024-04-05 15:31:14,2,女,1,店内,1,晴れ,3,ティータイム,800,80
20240405-029,,2024-04-05 15:45:53,1,男,1,店内,1,晴れ,3,ティータイム,800,90
20240405-009,,2024-04-05 09:04:56,2,女,1,店内,1,晴れ,4,レギュラー,450,0
20240405-010,,2024-04-05 09:16:11,2,女,1,店内,1,晴れ,4,レギュラー,380,0
20240405-011,,2024-04-05 09:34:56,1,男,1,店内,1,晴れ,4,レギュラー,350,0
20240405-012,,2024-04-05 09:54:24,1,男,2,テイクアウト,1,晴れ,4,レギュラー,940,0
20240405-013,,2024-04-05 10:04:04,2,女,1,店内,1,晴れ,4,レギュラー,1430,0
20240405-014,,2024-04-05 10:21:53,1,男,1,店内,1,晴れ,4,レギュラー,420,0
20240405-015,,2024-04-05 10:32:56,1,男,1,店内,1,晴れ,4,レギュラー,860,0
20240405-016,,2024-04-05 10:50:44,2,女,2,テイクアウト,1,晴れ,4,レギュラー,2250,0
20240405-017,,2024-04-05 11:05:38,2,女,1,店内,1,晴れ,4,レギュラー,1440,0
20240405-018,,2024-04-05 11:27:45,2,女,2,テイクアウト,1,晴れ,4,レギュラー,1500,0
20240406-001,,2024-04-06 07:12:45,2,女,1,店内,1,晴れ,1,モーニング,900,100
20240406-002,,2024-04-06 07:16:33,1,男,1,店内,1,晴れ,1,モーニング,900,100
20240406-003,,2024-04-06 07:38:57,1,男,1,店内,1,晴れ,1,モーニング,880,0
20240406-004,,2024-04-06 07:55:20,1,男,1,店内,1,晴れ,1,モーニング,900,60
20240406-005,,2024-04-06 08:12:37,2,女,1,店内,1,晴れ,1,モーニング,900,180
20240406-013,,2024-04-06 11:46:51,2,女,1,店内,1,晴れ,2,ランチ,1200,210
20240406-014,,2024-04-06 12:14:00,2,女,1,店内,1,晴れ,2,ランチ,1200,200
20240406-015,,2024-04-06 12:17:27,2,女,1,店内,1,晴れ,2,ランチ,1200,160
20240406-016,,2024-04-06 12:34:31,2,女,1,店内,1,晴れ,2,ランチ,1200,150
20240406-017,,2024-04-06 12:52:17,2,女,1,店内,1,晴れ,2,ランチ,1200,220
20240406-018,,2024-04-06 13:07:26,1,男,1,店内,1,晴れ,2,ランチ,1200,260
20240406-019,,2024-04-06 13:25:45,1,男,1,店内,1,晴れ,2,ランチ,1200,300
20240406-020,,2024-04-06 15:09:16,2,女,2,テイクアウト,1,晴れ,3,ティータイム,950,0
20240406-021,,2024-04-06 15:16:57,1,男,1,店内,1,晴れ,3,ティータイム,800,50
20240406-022,,2024-04-06 15:37:16,2,女,1,店内,1,晴れ,3,ティータイム,800,110
20240406-023,,2024-04-06 15:54:22,1,男,1,店内,1,晴れ,3,ティータイム,800,40
20240406-006,,2024-04-06 09:00:28,1,男,1,店内,1,晴れ,4,レギュラー,780,0
20240406-007,,2024-04-06 09:28:24,1,男,1,店内,1,晴れ,4,レギュラー,1450,0
20240406-008,,2024-04-06 09:37:07,2,女,1,店内,1,晴れ,4,レギュラー,1530,0
20240406-009,,2024-04-06 09:46:15,1,男,1,店内,1,晴れ,4,レギュラー,850,0
20240406-010,,2024-04-06 10:15:26,1,男,1,店内,1,晴れ,4,レギュラー,1420,0
20240406-011,,2024-04-06 10:27:32,2,女,1,店内,1,晴れ,4,レギュラー,380,0
20240406-012,,2024-04-06 10:34:06,2,女,2,テイクアウト,1,晴れ,4,レギュラー,1860,0
20240407-001,,2024-04-07 07:02:20,1,男,2,テイクアウト,1,晴れ,1,モーニング,480,0
20240407-002,,2024-04-07 07:17:31,1,男,1,店内,1,晴れ,1,モーニング,880,0
20240407-003,,2024-04-07 07:40:54,2,女,1,店内,1,晴れ,1,モーニング,900,50
20240407-004,,2024-04-07 07:46:54,1,男,1,店内,1,晴れ,1,モーニング,900,70
20240407-005,,2024-04-07 08:06:54,1,男,1,店内,1,晴れ,1,モーニング,870,0
20240407-006,,2024-04-07 08:19:30,1,男,1,店内,1,晴れ,1,モーニング,900,200
20240407-007,,2024-04-07 08:30:07,1,男,1,店内,1,晴れ,1,モーニング,900,40
20240407-008,,2024-04-07 08:49:29,2,女,2,テイクアウト,1,晴れ,1,モーニング,1330,0
20240407-013,,2024-04-07 11:49:26,2,女,1,店内,1,晴れ,2,ランチ,1200,280
20240407-014,,2024-04-07 12:09:00,2,女,1,店内,1,晴れ,2,ランチ,1200,220
20240407-015,,2024-04-07 12:15:54,1,男,1,店内,1,晴れ,2,ランチ,1200,290
20240407-016,,2024-04-07 12:44:27,2,女,1,店内,1,晴れ,2,ランチ,1200,160
20240407-017,,2024-04-07 12:48:44,1,男,2,テイクアウト,1,晴れ,2,ランチ,2040,0
20240407-018,,2024-04-07 13:04:12,1,男,1,店内,1,晴れ,2,ランチ,1200,230
20240407-019,,2024-04-07 13:29:34,1,男,2,テイクアウト,1,晴れ,2,ランチ,2270,0
20240407-020,,2024-04-07 15:15:35,1,男,1,店内,1,晴れ,3,ティータイム,800,70
20240407-021,,2024-04-07 15:22:00,2,女,1,店内,1,晴れ,3,ティータイム,800,70
20240407-022,,2024-04-07 15:32:46,2,女,1,店内,1,晴れ,3,ティータイム,800,50
20240407-023,,2024-04-07 15:50:24,1,男,1,店内,1,晴れ,3,ティータイム,800,120
20240407-009,,2024-04-07 09:09:29,1,男,1,店内,1,晴れ,4,レギュラー,820,0
20240407-010,,2024-04-07 09:27:34,2,女,1,店内,1,晴れ,4,レギュラー,840,0
20240407-011,,2024-04-07 09:32:50,2,女,2,テイクアウト,1,晴れ,4,レギュラー,2330,0
20240407-012,,2024-04-07 09:52:19,1,男,1,店内,1,晴れ,4,レギュラー,350,0
20240408-001,,2024-04-08 07:03:00,1,男,1,店内,1,晴れ,1,モーニング,900,100
20240408-002,,2024-04-08 07:21:36,1,男,1,店内,1,晴れ,1,モーニング,900,120
20240408-003,,2024-04-08 07:43:34,1,男,2,テイクアウト,1,晴れ,1,モーニング,1660,0
20240408-004,,2024-04-08 07:48:13,2,女,1,店内,1,晴れ,1,モーニング,880,0
20240408-005,,2024-04-08 08:13:43,1,男,1,店内,1,晴れ,1,モーニング,900,70
20240408-006,,2024-04-08 08:17:54,1,男,1,店内,1,晴れ,1,モーニング,900,150
20240408-007,,2024-04-08 08:33:34,2,女,1,店内,1,晴れ,1,モーニング,900,0
20240408-008,,2024-04-08 08:56:51,2,女,1,店内,1,晴れ,1,モーニング,900,150
20240408-019,,2024-04-08 11:51:27,1,男,1,店内,1,晴れ,2,ランチ,1200,140
20240408-020,,2024-04-08 12:09:30,2,女,1,店内,1,晴れ,2,ランチ,1200,130
20240408-021,,2024-04-08 12:20:44,1,男,1,店内,1,晴れ,2,ランチ,1200,250
20240408-022,,2024-04-08 12:39:48,2,女,1,店内,1,晴れ,2,ランチ,1200,150
20240408-023,,2024-04-08 12:54:00,2,女,1,店内,1,晴れ,2,ランチ,1200,300
20240408-024,,2024-04-08 13:04:07,1,男,2,テイクアウト,1,晴れ,2,ランチ,1330,0
20240408-025,,2024-04-08 13:20:37,2,女,1,店内,1,晴れ,2,ランチ,1200,300
20240408-026,,2024-04-08 15:13:52,1,男,1,店内,1,晴れ,3,ティータイム,800,100
20240408-027,,2024-04-08 15:22:42,2,女,1,店内,1,晴れ,3,ティータイム,760,0
20240408-028,,2024-04-08 15:32:02,1,男,1,店内,1,晴れ,3,ティータイム,800,90
20240408-029,,2024-04-08 15:49:35,1,男,1,店内,1,晴れ,3,ティータイム,800,60
20240408-009,,2024-04-08 09:07:25,1,男,1,店内,1,晴れ,4,レギュラー,850,0
20240408-010,,2024-04-08 09:21:06,1,男,2,テイクアウト,1,晴れ,4,レギュラー,2410,0
20240408-011,,2024-04-08 09:30:43,2,女,1,店内,1,晴れ,4,レギュラー,1010,0
20240408-012,,2024-04-08 09:49:21,2,女,1,店内,1,晴れ,4,レギュラー,870,0
20240408-013,,2024-04-08 10:05:15,1,男,1,店内,1,晴れ,4,レギュラー,1370,0
20240408-014,,2024-04-08 10:26:14,2,女,1,店内,1,晴れ,4,レギュラー,1290,0
20240408-015,,2024-04-08 10:44:05,1,男,1,店内,1,晴れ,4,レギュラー,760,0
20240408-016,,2024-04-08 10:56:28,2,女,1,店内,1,晴れ,4,レギュラー,1320,0
20240408-017,,2024-04-08 11:02:48,1,男,1,店内,1,晴れ,4,レギュラー,450,0
20240408-018,,2024-04-08 11:23:32,2,女,1,店内,1,晴れ,4,レギュラー,780,0
20240409-001,,2024-04-09 07:08:08,1,男,2,テイクアウト,2,曇り,1,モーニング,950,0
20240409-002,,2024-04-09 07:22:07,2,女,1,店内,2,曇り,1,モーニング,900,0
20240409-003,,2024-04-09 07:42:40,2,女,2,テイクアウト,2,曇り,1,モーニング,1820,0
20240409-004,,2024-04-09 07:47:05,2,女,1,店内,2,曇り,1,モーニング,900,70
20240409-010,,2024-04-09 11:56:52,2,女,1,店内,2,曇り,2,ランチ,1200,280
20240409-011,,2024-04-09 12:04:00,1,男,1,店内,2,曇り,2,ランチ,1200,230
20240409-012,,2024-04-09 12:21:23,2,女,1,店内,2,曇り,2,ランチ,1200,230
20240409-013,,2024-04-09 12:42:45,2,女,1,店内,2,曇り,2,ランチ,1200,240
20240409-014,,2024-04-09 12:49:57,2,女,1,店内,2,曇り,2,ランチ,1200,150
20240409-015,,2024-04-09 13:14:08,2,女,1,店内,2,曇り,2,ランチ,1200,250
20240409-016,,2024-04-09 13:19:56,2,女,1,店内,2,曇り,2,ランチ,1200,180
20240409-017,,2024-04-09 15:10:44,2,女,2,テイクアウト,2,曇り,3,ティータイム,2350,0
20240409-018,,2024-04-09 15:25:05,1,男,1,店内,2,曇り,3,ティータイム,800,150
20240409-019,,2024-04-09 15:39:02,1,男,1,店内,2,曇り,3,ティータイム,800,0
20240409-020,,2024-04-09 15:54:08,1,男,1,店内,2,曇り,3,ティータイム,800,70
20240409-005,,2024-04-09 09:14:28,2,女,1,店内,2,曇り,4,レギュラー,1530,0
20240409-006,,2024-04-09 09:27:45,1,男,2,テイクアウト,2,曇り,4,レギュラー,2680,0
20240409-007,,2024-04-09 09:43:33,1,男,1,店内,2,曇り,4,レギュラー,450,0
20240409-008,,2024-04-09 09:58:33,2,女,2,テイクアウト,2,曇り,4,レギュラー,1320,0
20240409-009,,2024-04-09 10:02:09,2,女,1,店内,2,曇り,4,レギュラー,810,0
20240410-001,,2024-04-10 07:11:18,2,女,2,テイクアウト,1,晴れ,1,モーニング,2410,0
20240410-002,,2024-04-10 07:29:45,1,男,1,店内,1,晴れ,1,モーニング,900,130
20240410-003,,2024-04-10 07:44:36,2,女,1,店内,1,晴れ,1,モーニング,900,120
20240410-004,,2024-04-10 07:49:53,1,男,1,店内,1,晴れ,1,モーニング,900,130
20240410-005,,2024-04-10 08:14:20,2,女,2,テイクアウト,1,晴れ,1,モーニング,2070,0
20240410-006,,2024-04-10 08:24:46,2,女,2,テイクアウト,1,晴れ,1,モーニング,1350,0
20240410-007,,2024-04-10 08:40:32,2,女,1,店内,1,晴れ,1,モーニング,900,70
20240410-008,,2024-04-10 08:54:21,1,男,2,テイクアウト,1,晴れ,1,モーニング,1660,0
20240410-017,,2024-04-10 11:46:38,2,女,2,テイクアウト,1,晴れ,2,ランチ,2420,0
20240410-018,,2024-04-10 12:04:59,1,男,1,店内,1,晴れ,2,ランチ,1200,360
20240410-019,,2024-04-10 12:26:20,1,男,1,店内,1,晴れ,2,ランチ,1200,240
20240410-020,,2024-04-10 12:35:38,2,女,1,店内,1,晴れ,2,ランチ,1200,260
20240410-021,,2024-04-10 12:56:47,2,女,1,店内,1,晴れ,2,ランチ,1200,310
20240410-022,,2024-04-10 13:08:10,1,男,1,店内,1,晴れ,2,ランチ,1200,220
20240410-023,,2024-04-10 13:17:11,1,男,1,店内,1,晴れ,2,ランチ,1200,280
20240410-024,,2024-04-10 15:12:34,2,女,2,テイクアウト,1,晴れ,3,ティータイム,1720,0
20240410-025,,2024-04-10 15:17:59,1,男,1,店内,1,晴れ,3,ティータイム,780,0
20240410-026,,2024-04-10 15:43:51,1,男,1,店内,1,晴れ,3,ティータイム,800,20
20240410-027,,2024-04-10 15:56:25,2,女,1,店内,1,晴れ,3,ティータイム,800,0
20240410-009,,2024-04-10 09:02:29,1,男,1,店内,1,晴れ,4,レギュラー,970,0
20240410-010,,2024-04-10 09:21:59,2,女,1,店内,1,晴れ,4,レギュラー,420,0
20240410-011,,2024-04-10 09:41:16,2,女,2,テイクアウト,1,晴れ,4,レギュラー,1700,0
20240410-012,,2024-04-10 09:56:54,1,男,2,テイクアウト,1,晴れ,4,レギュラー,1170,0
20240410-013,,2024-04-10 10:07:04,1,男,1,店内,1,晴れ,4,レギュラー,450,0
20240410-014,,2024-04-10 10:28:13,1,男,1,店内,1,晴れ,4,レギュラー,870,0
20240410-015,,2024-04-10 10:42:41,1,男,1,店内,1,晴れ,4,レギュラー,850,0
20240410-016,,2024-04-10 10:55:28,1,男,1,店内,1,晴れ,4,レギュラー,1470,0
20240411-001,,2024-04-11 07:02:53,2,女,1,店内,2,曇り,1,モーニング,900,120
20240411-002,,2024-04-11 07:27:12,1,男,1,店内,2,曇り,1,モーニング,900,20
20240411-003,,2024-04-11 07:38:42,2,女,2,テイクアウト,2,曇り,1,モーニング,480,0
20240411-004,,2024-04-11 07:52:19,2,女,2,テイクアウト,2,曇り,1,モーニング,1610,0
20240411-009,,2024-04-11 11:52:40,2,女,1,店内,2,曇り,2,ランチ,1200,210
20240411-010,,2024-04-11 12:04:55,2,女,1,店内,2,曇り,2,ランチ,1200,200
20240411-011,,2024-04-11 12:26:15,2,女,1,店内,2,曇り,2,ランチ,1200,400
20240411-012,,2024-04-11 12:34:39,2,女,1,店内,2,曇り,2,ランチ,1200,270
20240411-013,,2024-04-11 12:57:53,1,男,1,店内,2,曇り,2,ランチ,1200,230
20240411-014,,2024-04-11 13:01:46,2,女,1,店内,2,曇り,2,ランチ,1200,230
20240411-015,,2024-04-11 13:19:16,2,女,1,店内,2,曇り,2,ランチ,1200,280
20240411-016,,2024-04-11 15:12:46,2,女,2,テイクアウト,2,曇り,3,ティータイム,650,0
20240411-017,,2024-04-11 15:18:21,1,男,1,店内,2,曇り,3,ティータイム,800,80
20240411-018,,2024-04-11 15:38:22,1,男,2,テイクアウト,2,曇り,3,ティータイム,2330,0
20240411-019,,2024-04-11 15:56:06,1,男,1,店内,2,曇り,3,ティータイム,800,60
20240411-005,,2024-04-11 09:06:02,1,男,1,店内,2,曇り,4,レギュラー,880,0
20240411-006,,2024-04-11 09:20:16,1,男,2,テイクアウト,2,曇り,4,レギュラー,980,0
20240411-007,,2024-04-11 09:41:05,1,男,2,テイクアウト,2,曇り,4,レギュラー,380,0
20240411-008,,2024-04-11 09:53:44,1,男,1,店内,2,曇り,4,レギュラー,770,0
20240412-001,,2024-04-12 07:01:02,1,男,2,テイクアウト,2,曇り,1,モーニング,1430,0
20240412-002,,2024-04-12 07:26:41,2,女,1,店内,2,曇り,1,モーニング,900,50
20240412-003,,2024-04-12 07:37:37,2,女,1,店内,2,曇り,1,モーニング,900,0
20240412-004,,2024-04-12 07:50:06,2,女,1,店内,2,曇り,1,モーニング,900,170
20240412-005,,2024-04-12 08:13:08,2,女,1,店内,2,曇り,1,モーニング,900,130
20240412-006,,2024-04-12 08:26:55,2,女,2,テイクアウト,2,曇り,1,モーニング,520,0
20240412-007,,2024-04-12 08:35:23,1,男,1,店内,2,曇り,1,モーニング,850,0
20240412-008,,2024-04-12 08:55:27,1,男,1,店内,2,曇り,1,モーニング,900,70
20240412-017,,2024-04-12 11:45:42,1,男,1,店内,2,曇り,2,ランチ,1200,200
20240412-018,,2024-04-12 12:05:23,1,男,1,店内,2,曇り,2,ランチ,1200,300
20240412-019,,2024-04-12 12:16:02,2,女,1,店内,2,曇り,2,ランチ,1200,290
20240412-020,,2024-04-12 12:33:30,2,女,1,店内,2,曇り,2,ランチ,1200,90
20240412-021,,2024-04-12 12:50:25,2,女,1,店内,2,曇り,2,ランチ,1200,300
20240412-022,,2024-04-12 13:09:50,2,女,2,テイクアウト,2,曇り,2,ランチ,2540,0
20240412-023,,2024-04-12 13:24:27,2,女,2,テイクアウト,2,曇り,2,ランチ,830,0
20240412-024,,2024-04-12 15:01:26,2,女,1,店内,2,曇り,3,ティータイム,720,0
20240412-025,,2024-04-12 15:29:50,2,女,1,店内,2,曇り,3,ティータイム,800,100
20240412-026,,2024-04-12 15:42:44,2,女,1,店内,2,曇り,3,ティータイム,780,0
20240412-027,,2024-04-12 15:54:53,1,男,1,店内,2,曇り,3,ティータイム,800,70
20240412-009,,2024-04-12 09:10:47,2,女,2,テイクアウト,2,曇り,4,レギュラー,1290,0
20240412-010,,2024-04-12 09:24:53,1,男,1,店内,2,曇り,4,レギュラー,800,0
20240412-011,,2024-04-12 09:34:54,2,女,1,店内,2,曇り,4,レギュラー,1030,0
20240412-012,,2024-04-12 09:57:35,1,男,1,店内,2,曇り,4,レギュラー,1410,0
20240412-013,,2024-04-12 10:13:13,1,男,1,店内,2,曇り,4,レギュラー,1420,0
20240412-014,,2024-04-12 10:17:47,1,男,1,店内,2,曇り,4,レギュラー,920,0
20240412-015,,2024-04-12 10:38:19,1,男,1,店内,2,曇り,4,レギュラー,1350,0
20240412-016,,2024-04-12 10:50:41,2,女,2,テイクアウト,2,曇り,4,レギュラー,1620,0
20240413-001,,2024-04-13 07:11:34,2,女,1,店内,3,雨,1,モーニング,900,80
20240413-002,,2024-04-13 07:16:35,1,男,2,テイクアウト,3,雨,1,モーニング,1000,0
20240413-003,,2024-04-13 07:38:40,1,男,2,テイクアウト,3,雨,1,モーニング,380,0
20240413-004,,2024-04-13 07:51:36,2,女,2,テイクアウト,3,雨,1,モーニング,2070,0
20240413-005,,2024-04-13 08:03:00,2,女,2,テイクアウト,3,雨,1,モーニング,2100,0
20240413-006,,2024-04-13 08:25:54,2,女,1,店内,3,雨,1,モーニング,900,80
20240413-007,,2024-04-13 08:33:42,2,女,2,テイクアウト,3,雨,1,モーニング,2500,0
20240413-008,,2024-04-13 08:54:31,2,女,1,店内,3,雨,1,モーニング,900,100
20240413-013,,2024-04-13 11:56:30,1,男,1,店内,3,雨,2,ランチ,1200,220
20240413-014,,2024-04-13 12:01:29,1,男,1,店内,3,雨,2,ランチ,1200,120
20240413-015,,2024-04-13 12:28:08,2,女,1,店内,3,雨,2,ランチ,1200,130
20240413-016,,2024-04-13 12:31:55,1,男,1,店内,3,雨,2,ランチ,1200,120
20240413-017,,2024-04-13 12:52:25,1,男,1,店内,3,雨,2,ランチ,1200,250
20240413-018,,2024-04-13 13:09:30,2,女,1,店内,3,雨,2,ランチ,1200,290
20240413-019,,2024-04-13 13:30:45,1,男,1,店内,3,雨,2,ランチ,1200,290
20240413-020,,2024-04-13 15:09:14,2,女,1,店内,3,雨,3,ティータイム,800,30
20240413-021,,2024-04-13 15:30:05,1,男,1,店内,3,雨,3,ティータイム,800,0
20240413-022,,2024-04-13 15:31:09,2,女,1,店内,3,雨,3,ティータイム,800,130
20240413-023,,2024-04-13 15:48:59,1,男,1,店内,3,雨,3,ティータイム,800,0
20240413-009,,2024-04-13 09:05:41,2,女,1,店内,3,雨,4,レギュラー,1000,0
20240413-010,,2024-04-13 09:25:17,1,男,1,店内,3,雨,4,レギュラー,1390,0
20240413-011,,2024-04-13 09:42:11,1,男,1,店内,3,雨,4,レギュラー,800,0
20240413-012,,2024-04-13 09:52:12,2,女,1,店内,3,雨,4,レギュラー,830,0
20240414-001,,2024-04-14 07:01:22,1,男,1,店内,3,雨,1,モーニング,900,30
20240414-002,,2024-04-14 07:28:30,2,女,1,店内,3,雨,1,モーニング,900,110
20240414-003,,2024-04-14 07:40:29,2,女,1,店内,3,雨,1,モーニング,900,70
20240414-004,,2024-04-14 07:56:45,2,女,1,店内,3,雨,1,モーニング,900,100
20240414-005,,2024-04-14 08:13:30,1,男,1,店内,3,雨,1,モーニング,900,30
20240414-006,,2024-04-14 08:16:43,2,女,1,店内,3,雨,1,モーニング,900,120
20240414-007,,2024-04-14 08:34:10,1,男,1,店内,3,雨,1,モーニング,870,0
20240414-008,,2024-04-14 08:53:02,2,女,1,店内,3,雨,1,モーニング,900,70
20240414-015,,2024-04-14 11:57:46,2,女,1,店内,3,雨,2,ランチ,1200,300
20240414-016,,2024-04-14 12:02:20,1,男,1,店内,3,雨,2,ランチ,1200,270
20240414-017,,2024-04-14 12:15:45,2,女,1,店内,3,雨,2,ランチ,1200,170
20240414-018,,2024-04-14 12:38:30,2,女,2,テイクアウト,3,雨,2,ランチ,680,0
20240414-019,,2024-04-14 12:49:33,2,女,2,テイクアウト,3,雨,2,ランチ,1940,0
20240414-020,,2024-04-14 13:11:50,2,女,1,店内,3,雨,2,ランチ,1200,130
20240414-021,,2024-04-14 13:28:24,2,女,1,店内,3,雨,2,ランチ,1200,130
20240414-022,,2024-04-14 15:13:47,2,女,1,店内,3,雨,3,ティータイム,800,40
20240414-023,,2024-04-14 15:27:39,2,女,1,店内,3,雨,3,ティータイム,800,110
20240414-024,,2024-04-14 15:34:01,1,男,1,店内,3,雨,3,ティータイム,800,80
20240414-025,,2024-04-14 15:55:55,2,女,1,店内,3,雨,3,ティータイム,800,50
20240414-009,,2024-04-14 09:15:28,1,男,2,テイクアウト,3,雨,4,レギュラー,1480,0
20240414-010,,2024-04-14 09:17:55,1,男,1,店内,3,雨,4,レギュラー,720,0
20240414-011,,2024-04-14 09:39:58,2,女,2,テイクアウト,3,雨,4,レギュラー,550,0
20240414-012,,2024-04-14 09:58:38,2,女,1,店内,3,雨,4,レギュラー,930,0
20240414-013,,2024-04-14 10:07:20,2,女,1,店内,3,雨,4,レギュラー,1420,0
20240414-014,,2024-04-14 10:24:18,1,男,1,店内,3,雨,4,レギュラー,800,0
20240415-001,,2024-04-15 07:14:00,2,女,1,店内,1,晴れ,1,モーニング,900,100
20240415-002,,2024-04-15 07:28:06,1,男,1,店内,1,晴れ,1,モーニング,900,0
20240415-003,,2024-04-15 07:32:15,2,女,1,店内,1,晴れ,1,モーニング,900,70
20240415-004,,2024-04-15 07:54:40,2,女,1,店内,1,晴れ,1,モーニング,900,80
20240415-005,,2024-04-15 08:04:40,2,女,1,店内,1,晴れ,1,モーニング,850,0
20240415-006,,2024-04-15 08:27:38,2,女,1,店内,1,晴れ,1,モーニング,900,30
20240415-007,,2024-04-15 08:36:19,1,男,1,店内,1,晴れ,1,モーニング,850,0
20240415-008,,2024-04-15 08:50:23,1,男,1,店内,1,晴れ,1,モーニング,900,0
20240415-016,,2024-04-15 11:55:50,1,男,1,店内,1,晴れ,2,ランチ,1200,210
20240415-017,,2024-04-15 12:11:39,1,男,1,店内,1,晴れ,2,ランチ,1200,260
20240415-018,,2024-04-15 12:26:19,2,女,1,店内,1,晴れ,2,ランチ,1200,190
20240415-019,,2024-04-15 12:33:10,1,男,1,店内,1,晴れ,2,ランチ,1200,120
20240415-020,,2024-04-15 12:57:30,2,女,1,店内,1,晴れ,2,ランチ,1200,230
20240415-021,,2024-04-15 13:07:17,2,女,1,店内,1,晴れ,2,ランチ,1200,190
20240415-022,,2024-04-15 13:26:14,1,男,1,店内,1,晴れ,2,ランチ,1200,180
20240415-023,,2024-04-15 15:05:30,1,男,1,店内,1,晴れ,3,ティータイム,800,70
20240415-024,,2024-04-15 15:24:26,1,男,1,店内,1,晴れ,3,ティータイム,800,40
20240415-025,,2024-04-15 15:31:26,2,女,1,店内,1,晴れ,3,ティータイム,800,50
20240415-026,,2024-04-15 15:54:57,1,男,1,店内,1,晴れ,3,ティータイム,800,40
20240415-009,,2024-04-15 09:02:48,1,男,1,店内,1,晴れ,4,レギュラー,890,0
20240415-010,,2024-04-15 09:24:37,1,男,2,テイクアウト,1,晴れ,4,レギュラー,2170,0
20240415-011,,2024-04-15 09:35:43,1,男,1,店内,1,晴れ,4,レギュラー,420,0
20240415-012,,2024-04-15 09:49:05,1,男,2,テイクアウト,1,晴れ,4,レギュラー,1280,0
20240415-013,,2024-04-15 10:01:26,1,男,1,店内,1,晴れ,4,レギュラー,860,0
20240415-014,,2024-04-15 10:29:23,2,女,1,店内,1,晴れ,4,レギュラー,1050,0
20240415-015,,2024-04-15 10:40:12,1,男,1,店内,1,晴れ,4,レギュラー,870,0
20240416-001,,2024-04-16 07:14:59,2,女,1,店内,3,雨,1,モーニング,900,20
20240416-002,,2024-04-16 07:24:35,1,男,1,店内,3,雨,1,モーニング,900,110
20240416-003,,2024-04-16 07:30:46,2,女,2,テイクアウト,3,雨,1,モーニング,450,0
20240416-004,,2024-04-16 07:47:54,1,男,2,テイクアウト,3,雨,1,モーニング,2250,0
20240416-005,,2024-04-16 08:01:52,2,女,1,店内,3,雨,1,モーニング,900,100
20240416-007,,2024-04-16 11:52:18,1,男,2,テイクアウト,3,雨,2,ランチ,2010,0
20240416-008,,2024-04-16 12:12:50,2,女,1,店内,3,雨,2,ランチ,1200,120
20240416-009,,2024-04-16 12:20:29,2,女,1,店内,3,雨,2,ランチ,1200,160
20240416-010,,2024-04-16 12:36:51,2,女,1,店内,3,雨,2,ランチ,1200,230
20240416-011,,2024-04-16 13:00:00,2,女,1,店内,3,雨,2,ランチ,1200,210
20240416-012,,2024-04-16 13:02:58,2,女,1,店内,3,雨,2,ランチ,1200,250
20240416-013,,2024-04-16 13:28:06,2,女,1,店内,3,雨,2,ランチ,1200,160
20240416-014,,2024-04-16 15:06:33,1,男,1,店内,3,雨,3,ティータイム,800,60
20240416-015,,2024-04-16 15:22:32,1,男,1,店内,3,雨,3,ティータイム,800,0
20240416-016,,2024-04-16 15:44:20,2,女,1,店内,3,雨,3,ティータイム,800,70
20240416-017,,2024-04-16 15:52:24,1,男,1,店内,3,雨,3,ティータイム,800,50
20240416-006,,2024-04-16 09:03:43,1,男,1,店内,3,雨,4,レギュラー,820,0
20240417-001,,2024-04-17 07:07:50,2,女,1,店内,1,晴れ,1,モーニング,900,120
20240417-002,,2024-04-17 07:22:46,1,男,1,店内,1,晴れ,1,モーニング,900,50
20240417-003,,2024-04-17 07:31:17,1,男,1,店内,1,晴れ,1,モーニング,900,150
20240417-004,,2024-04-17 07:46:21,1,男,2,テイクアウト,1,晴れ,1,モーニング,450,0
20240417-005,,2024-04-17 08:04:57,2,女,1,店内,1,晴れ,1,モーニング,900,150
20240417-006,,2024-04-17 08:25:35,1,男,1,店内,1,晴れ,1,モーニング,900,50
20240417-007,,2024-04-17 08:41:38,2,女,1,店内,1,晴れ,1,モーニング,900,120
20240417-008,,2024-04-17 08:51:08,2,女,1,店内,1,晴れ,1,モーニング,900,30
20240417-019,,2024-04-17 11:57:39,2,女,1,店内,1,晴れ,2,ランチ,1200,200
20240417-020,,2024-04-17 12:14:39,1,男,1,店内,1,晴れ,2,ランチ,1200,150
20240417-021,,2024-04-17 12:17:33,1,男,1,店内,1,晴れ,2,ランチ,1200,200
20240417-022,,2024-04-17 12:33:26,2,女,1,店内,1,晴れ,2,ランチ,1200,200
20240417-023,,2024-04-17 12:52:59,1,男,1,店内,1,晴れ,2,ランチ,1200,160
20240417-024,,2024-04-17 13:13:25,1,男,1,店内,1,晴れ,2,ランチ,1200,100
20240417-025,,2024-04-17 13:18:51,1,男,1,店内,1,晴れ,2,ランチ,1200,280
20240417-026,,2024-04-17 15:05:09,2,女,1,店内,1,晴れ,3,ティータイム,800,40
20240417-027,,2024-04-17 15:25:11,2,女,1,店内,1,晴れ,3,ティータイム,800,50
20240417-028,,2024-04-17 15:38:55,1,男,2,テイクアウト,1,晴れ,3,ティータイム,460,0
20240417-029,,2024-04-17 15:47:05,1,男,1,店内,1,晴れ,3,ティータイム,800,80
20240417-009,,2024-04-17 09:00:58,2,女,2,テイクアウト,1,晴れ,4,レギュラー,380,0
20240417-010,,2024-04-17 09:16:28,2,女,2,テイクアウト,1,晴れ,4,レギュラー,870,0
20240417-011,,2024-04-17 09:40:42,2,女,1,店内,1,晴れ,4,レギュラー,770,0
20240417-012,,2024-04-17 09:51:50,2,女,1,店内,1,晴れ,4,レギュラー,840,0
20240417-013,,2024-04-17 10:09:15,1,男,1,店内,1,晴れ,4,レギュラー,830,0
20240417-014,,2024-04-17 10:28:17,2,女,1,店内,1,晴れ,4,レギュラー,980,0
20240417-015,,2024-04-17 10:45:15,2,女,1,店内,1,晴れ,4,レギュラー,950,0
20240417-016,,2024-04-17 10:55:30,2,女,1,店内,1,晴れ,4,レギュラー,420,0
20240417-017,,2024-04-17 11:14:28,2,女,2,テイクアウト,1,晴れ,4,レギュラー,1010,0
20240417-018,,2024-04-17 11:29:59,1,男,1,店内,1,晴れ,4,レギュラー,430,0
20240418-001,,2024-04-18 07:01:14,2,女,1,店内,3,雨,1,モーニング,900,70
20240418-002,,2024-04-18 07:26:34,1,男,1,店内,3,雨,1,モーニング,900,200
20240418-003,,2024-04-18 07:31:08,1,男,1,店内,3,雨,1,モーニング,900,50
20240418-004,,2024-04-18 08:00:41,2,女,1,店内,3,雨,1,モーニング,900,130
20240418-011,,2024-04-18 11:48:44,1,男,1,店内,3,雨,2,ランチ,1200,310
20240418-012,,2024-04-18 12:04:36,2,女,2,テイクアウト,3,雨,2,ランチ,480,0
20240418-013,,2024-04-18 12:15:40,2,女,1,店内,3,雨,2,ランチ,1200,330
20240418-014,,2024-04-18 12:43:02,1,男,1,店内,3,雨,2,ランチ,1200,260
20240418-015,,2024-04-18 12:59:17,1,男,1,店内,3,雨,2,ランチ,1200,250
20240418-016,,2024-04-18 13:04:47,1,男,1,店内,3,雨,2,ランチ,1200,80
20240418-017,,2024-04-18 13:27:09,2,女,2,テイクアウト,3,雨,2,ランチ,2120,0
20240418-018,,2024-04-18 15:07:28,2,女,1,店内,3,雨,3,ティータイム,800,80
20240418-005,,2024-04-18 09:13:22,2,女,1,店内,3,雨,4,レギュラー,1500,0
20240418-006,,2024-04-18 09:28:39,1,男,2,テイクアウト,3,雨,4,レギュラー,2210,0
20240418-007,,2024-04-18 09:39:27,2,女,2,テイクアウト,3,雨,4,レギュラー,1410,0
20240418-008,,2024-04-18 09:47:52,1,男,1,店内,3,雨,4,レギュラー,950,0
20240418-009,,2024-04-18 10:07:39,1,男,1,店内,3,雨,4,レギュラー,350,0
20240418-010,,2024-04-18 10:16:46,1,男,1,店内,3,雨,4,レギュラー,430,0
20240419-001,,2024-04-19 07:04:07,1,男,2,テイクアウト,1,晴れ,1,モーニング,2100,0
20240419-002,,2024-04-19 07:26:46,2,女,1,店内,1,晴れ,1,モーニング,900,150
20240419-003,,2024-04-19 07:36:08,1,男,2,テイクアウト,1,晴れ,1,モーニング,1030,0
20240419-004,,2024-04-19 07:50:08,1,男,2,テイクアウト,1,晴れ,1,モーニング,960,0
20240419-005,,2024-04-19 08:02:41,1,男,1,店内,1,晴れ,1,モーニング,900,130
20240419-006,,2024-04-19 08:28:03,2,女,1,店内,1,晴れ,1,モーニング,900,50
20240419-015,,2024-04-19 11:53:20,2,女,1,店内,1,晴れ,2,ランチ,1200,290
20240419-016,,2024-04-19 12:04:45,2,女,1,店内,1,晴れ,2,ランチ,1200,250
20240419-017,,2024-04-19 12:20:08,1,男,1,店内,1,晴れ,2,ランチ,1200,300
20240419-018,,2024-04-19 12:34:36,1,男,1,店内,1,晴れ,2,ランチ,1200,220
20240419-019,,2024-04-19 12:56:20,1,男,1,店内,1,晴れ,2,ランチ,1200,180
20240419-020,,2024-04-19 13:06:49,2,女,1,店内,1,晴れ,2,ランチ,1200,280
20240419-021,,2024-04-19 13:17:29,2,女,2,テイクアウト,1,晴れ,2,ランチ,550,0
20240419-022,,2024-04-19 15:04:18,1,男,1,店内,1,晴れ,3,ティータイム,800,100
20240419-023,,2024-04-19 15:27:43,1,男,1,店内,1,晴れ,3,ティータイム,800,50
20240419-024,,2024-04-19 15:31:02,1,男,1,店内,1,晴れ,3,ティータイム,800,130
20240419-025,,2024-04-19 15:55:01,2,女,2,テイクアウト,1,晴れ,3,ティータイム,2000,0
20240419-007,,2024-04-19 09:03:14,1,男,1,店内,1,晴れ,4,レギュラー,920,0
20240419-008,,2024-04-19 09:25:25,2,女,2,テイクアウト,1,晴れ,4,レギュラー,1740,0
20240419-009,,2024-04-19 09:45:02,1,男,1,店内,1,晴れ,4,レギュラー,1580,0
20240419-010,,2024-04-19 09:58:23,2,女,2,テイクアウト,1,晴れ,4,レギュラー,1480,0
20240419-011,,2024-04-19 10:06:16,2,女,1,店内,1,晴れ,4,レギュラー,830,0
20240419-012,,2024-04-19 10:21:36,2,女,1,店内,1,晴れ,4,レギュラー,350,0
20240419-013,,2024-04-19 10:45:10,1,男,1,店内,1,晴れ,4,レギュラー,400,0
20240419-014,,2024-04-19 10:48:49,1,男,1,店内,1,晴れ,4,レギュラー,880,0
20240420-001,,2024-04-20 07:12:59,2,女,1,店内,1,晴れ,1,モーニング,900,180
20240420-002,,2024-04-20 07:26:24,2,女,1,店内,1,晴れ,1,モーニング,900,200
20240420-003,,2024-04-20 07:33:16,2,女,1,店内,1,晴れ,1,モーニング,900,50
20240420-004,,2024-04-20 07:59:56,2,女,1,店内,1,晴れ,1,モーニング,900,130
20240420-005,,2024-04-20 08:03:31,1,男,1,店内,1,晴れ,1,モーニング,900,70
20240420-006,,2024-04-20 08:24:12,1,男,1,店内,1,晴れ,1,モーニング,900,70
20240420-007,,2024-04-20 08:31:07,1,男,2,テイクアウト,1,晴れ,1,モーニング,2630,0
20240420-008,,2024-04-20 08:55:57,1,男,1,店内,1,晴れ,1,モーニング,900,100
20240420-019,,2024-04-20 11:59:03,1,男,1,店内,1,晴れ,2,ランチ,1200,220
20240420-020,,2024-04-20 12:12:55,1,男,1,店内,1,晴れ,2,ランチ,1200,300
20240420-021,,2024-04-20 12:19:27,2,女,1,店内,1,晴れ,2,ランチ,1200,200
20240420-022,,2024-04-20 12:44:16,2,女,1,店内,1,晴れ,2,ランチ,1200,300
20240420-023,,2024-04-20 12:55:02,2,女,2,テイクアウト,1,晴れ,2,ランチ,350,0
20240420-024,,2024-04-20 13:06:08,1,男,1,店内,1,晴れ,2,ランチ,1200,220
20240420-025,,2024-04-20 13:16:44,1,男,1,店内,1,晴れ,2,ランチ,1200,150
20240420-026,,2024-04-20 15:02:14,2,女,1,店内,1,晴れ,3,ティータイム,800,0
20240420-027,,2024-04-20 15:23:41,1,男,2,テイクアウト,1,晴れ,3,ティータイム,1080,0
20240420-028,,2024-04-20 15:33:40,1,男,1,店内,1,晴れ,3,ティータイム,800,60
20240420-029,,2024-04-20 15:54:52,2,女,2,テイクアウト,1,晴れ,3,ティータイム,830,0
20240420-009,,2024-04-20 09:10:38,1,男,2,テイクアウト,1,晴れ,4,レギュラー,810,0
20240420-010,,2024-04-20 09:29:48,1,男,2,テイクアウト,1,晴れ,4,レギュラー,1910,0
20240420-011,,2024-04-20 09:41:10,1,男,1,店内,1,晴れ,4,レギュラー,800,0
20240420-012,,2024-04-20 09:45:04,2,女,1,店内,1,晴れ,4,レギュラー,450,0
20240420-013,,2024-04-20 10:07:21,2,女,1,店内,1,晴れ,4,レギュラー,900,0
20240420-014,,2024-04-20 10:21:36,1,男,1,店内,1,晴れ,4,レギュラー,1370,0
20240420-015,,2024-04-20 10:40:18,1,男,1,店内,1,晴れ,4,レギュラー,450,0
20240420-016,,2024-04-20 10:59:54,1,男,1,店内,1,晴れ,4,レギュラー,1400,0
20240420-017,,2024-04-20 11:09:37,1,男,1,店内,1,晴れ,4,レギュラー,850,0
20240420-018,,2024-04-20 11:15:24,1,男,1,店内,1,晴れ,4,レギュラー,1380,0
20240421-001,,2024-04-21 07:08:09,1,男,1,店内,3,雨,1,モーニング,900,200
20240421-002,,2024-04-21 07:24:41,2,女,1,店内,3,雨,1,モーニング,900,50
20240421-003,,2024-04-21 07:33:45,1,男,1,店内,3,雨,1,モーニング,900,70
20240421-004,,2024-04-21 07:46:12,1,男,2,テイクアウト,3,雨,1,モーニング,1770,0
20240421-005,,2024-04-21 08:12:38,1,男,1,店内,3,雨,1,モーニング,900,70
20240421-006,,2024-04-21 08:18:47,2,女,1,店内,3,雨,1,モーニング,820,0
20240421-007,,2024-04-21 08:40:54,1,男,1,店内,3,雨,1,モーニング,900,130
20240421-008,,2024-04-21 08:53:15,2,女,2,テイクアウト,3,雨,1,モーニング,2300,0
20240421-012,,2024-04-21 11:54:04,2,女,2,テイクアウト,3,雨,2,ランチ,520,0
20240421-013,,2024-04-21 12:12:09,2,女,1,店内,3,雨,2,ランチ,1200,190
20240421-014,,2024-04-21 12:29:28,1,男,1,店内,3,雨,2,ランチ,1200,330
20240421-015,,2024-04-21 12:35:18,2,女,1,店内,3,雨,2,ランチ,1200,200
20240421-016,,2024-04-21 12:46:06,2,女,2,テイクアウト,3,雨,2,ランチ,2200,0
20240421-017,,2024-04-21 13:05:03,1,男,1,店内,3,雨,2,ランチ,1200,240
20240421-018,,2024-04-21 13:21:35,1,男,1,店内,3,雨,2,ランチ,1200,190
20240421-019,,2024-04-21 15:10:54,1,男,1,店内,3,雨,3,ティータイム,800,30
20240421-020,,2024-04-21 15:19:45,1,男,1,店内,3,雨,3,ティータイム,800,0
20240421-021,,2024-04-21 15:44:42,1,男,1,店内,3,雨,3,ティータイム,800,100
20240421-022,,2024-04-21 15:54:34,1,男,1,店内,3,雨,3,ティータイム,800,100
20240421-009,,2024-04-21 09:00:46,2,女,1,店内,3,雨,4,レギュラー,450,0
20240421-010,,2024-04-21 09:25:11,2,女,2,テイクアウト,3,雨,4,レギュラー,960,0
20240421-011,,2024-04-21 09:32:50,1,男,1,店内,3,雨,4,レギュラー,420,0
20240422-001,,2024-04-22 07:15:28,2,女,1,店内,1,晴れ,1,モーニング,900,20
20240422-002,,2024-04-22 07:19:23,1,男,1,店内,1,晴れ,1,モーニング,850,0
20240422-003,,2024-04-22 07:34:29,1,男,1,店内,1,晴れ,1,モーニング,850,0
20240422-004,,2024-04-22 07:55:58,2,女,1,店内,1,晴れ,1,モーニング,900,150
20240422-005,,2024-04-22 08:11:28,1,男,1,店内,1,晴れ,1,モーニング,900,50
20240422-006,,2024-04-22 08:27:38,2,女,2,テイクアウト,1,晴れ,1,モーニング,2240,0
20240422-007,,2024-04-22 08:33:37,2,女,1,店内,1,晴れ,1,モーニング,900,20
20240422-008,,2024-04-22 08:52:20,1,男,1,店内,1,晴れ,1,モーニング,900,130
20240422-018,,2024-04-22 11:55:15,1,男,1,店内,1,晴れ,2,ランチ,1200,230
20240422-019,,2024-04-22 12:11:26,1,男,2,テイクアウト,1,晴れ,2,ランチ,400,0
20240422-020,,2024-04-22 12:16:04,1,男,2,テイクアウト,1,晴れ,2,ランチ,430,0
20240422-021,,2024-04-22 12:41:16,1,男,1,店内,1,晴れ,2,ランチ,1200,150
20240422-022,,2024-04-22 12:49:18,2,女,1,店内,1,晴れ,2,ランチ,1200,230
20240422-023,,2024-04-22 13:06:16,1,男,1,店内,1,晴れ,2,ランチ,1200,250
20240422-024,,2024-04-22 13:26:31,1,男,2,テイクアウト,1,晴れ,2,ランチ,1670,0
20240422-025,,2024-04-22 15:07:20,1,男,1,店内,1,晴れ,3,ティータイム,800,70
20240422-026,,2024-04-22 15:21:02,2,女,1,店内,1,晴れ,3,ティータイム,800,40
20240422-027,,2024-04-22 15:44:25,1,男,2,テイクアウト,1,晴れ,3,ティータイム,2240,0
20240422-028,,2024-04-22 15:59:33,2,女,2,テイクアウト,1,晴れ,3,ティータイム,580,0
20240422-009,,2024-04-22 09:04:02,2,女,1,店内,1,晴れ,4,レギュラー,420,0
20240422-010,,2024-04-22 09:29:54,1,男,1,店内,1,晴れ,4,レギュラー,450,0
20240422-011,,2024-04-22 09:34:39,1,男,1,店内,1,晴れ,4,レギュラー,800,0
20240422-012,,2024-04-22 09:50:02,1,男,1,店内,1,晴れ,4,レギュラー,900,0
20240422-013,,2024-04-22 10:07:35,2,女,1,店内,1,晴れ,4,レギュラー,900,0
20240422-014,,2024-04-22 10:29:35,1,男,1,店内,1,晴れ,4,レギュラー,1510,0
20240422-015,,2024-04-22 10:38:31,2,女,1,店内,1,晴れ,4,レギュラー,1380,0
20240422-016,,2024-04-22 10:55:15,1,男,1,店内,1,晴れ,4,レギュラー,870,0
20240422-017,,2024-04-22 11:14:09,2,女,1,店内,1,晴れ,4,レギュラー,840,0
20240423-001,,2024-04-23 07:10:37,2,女,1,店内,1,晴れ,1,モーニング,900,120
20240423-002,,2024-04-23 07:29:07,1,男,1,店内,1,晴れ,1,モーニング,900,130
20240423-003,,2024-04-23 07:40:22,1,男,1,店内,1,晴れ,1,モーニング,900,30
20240423-004,,2024-04-23 07:59:13,2,女,2,テイクアウト,1,晴れ,1,モーニング,1950,0
20240423-005,,2024-04-23 08:03:37,1,男,1,店内,1,晴れ,1,モーニング,900,100
20240423-006,,2024-04-23 08:23:53,1,男,1,店内,1,晴れ,1,モーニング,900,50
20240423-007,,2024-04-23 08:31:38,1,男,2,テイクアウト,1,晴れ,1,モーニング,1380,0
20240423-008,,2024-04-23 08:58:08,2,女,1,店内,1,晴れ,1,モーニング,900,180
20240423-012,,2024-04-23 11:47:32,2,女,1,店内,1,晴れ,2,ランチ,1200,260
20240423-013,,2024-04-23 12:14:33,1,男,1,店内,1,晴れ,2,ランチ,1200,230
20240423-014,,2024-04-23 12:23:47,2,女,1,店内,1,晴れ,2,ランチ,1200,200
20240423-015,,2024-04-23 12:38:24,2,女,1,店内,1,晴れ,2,ランチ,1200,210
20240423-016,,2024-04-23 12:49:03,1,男,1,店内,1,晴れ,2,ランチ,1200,190
20240423-017,,2024-04-23 13:09:59,2,女,1,店内,1,晴れ,2,ランチ,1200,250
20240423-018,,2024-04-23 13:20:27,2,女,1,店内,1,晴れ,2,ランチ,1200,200
20240423-019,,2024-04-23 15:04:58,1,男,2,テイクアウト,1,晴れ,3,ティータイム,2350,0
20240423-020,,2024-04-23 15:25:19,1,男,1,店内,1,晴れ,3,ティータイム,800,130
20240423-021,,2024-04-23 15:40:58,2,女,1,店内,1,晴れ,3,ティータイム,800,50
20240423-022,,2024-04-23 15:58:44,2,女,2,テイクアウト,1,晴れ,3,ティータイム,720,0
20240423-009,,2024-04-23 09:03:00,1,男,1,店内,1,晴れ,4,レギュラー,850,0
20240423-010,,2024-04-23 09:24:52,1,男,1,店内,1,晴れ,4,レギュラー,420,0
20240423-011,,2024-04-23 09:45:03,1,男,1,店内,1,晴れ,4,レギュラー,300,0
20240424-001,,2024-04-24 07:08:09,1,男,1,店内,1,晴れ,1,モーニング,880,0
20240424-002,,2024-04-24 07:18:48,1,男,2,テイクアウト,1,晴れ,1,モーニング,1020,0
20240424-003,,2024-04-24 07:32:04,2,女,1,店内,1,晴れ,1,モーニング,900,80
20240424-004,,2024-04-24 07:47:57,2,女,2,テイクアウト,1,晴れ,1,モーニング,430,0
20240424-005,,2024-04-24 08:04:48,2,女,2,テイクアウト,1,晴れ,1,モーニング,2070,0
20240424-006,,2024-04-24 08:24:37,1,男,1,店内,1,晴れ,1,モーニング,900,180
20240424-007,,2024-04-24 08:32:05,2,女,1,店内,1,晴れ,1,モーニング,880,0
20240424-008,,2024-04-24 08:51:32,1,男,1,店内,1,晴れ,1,モーニング,900,100
20240424-017,,2024-04-24 11:54:26,2,女,1,店内,1,晴れ,2,ランチ,1200,250
20240424-018,,2024-04-24 12:14:53,1,男,2,テイクアウト,1,晴れ,2,ランチ,2620,0
20240424-019,,2024-04-24 12:28:39,1,男,2,テイクアウト,1,晴れ,2,ランチ,1250,0
20240424-020,,2024-04-24 12:32:55,1,男,1,店内,1,晴れ,2,ランチ,1200,190
20240424-021,,2024-04-24 12:50:43,1,男,2,テイクアウト,1,晴れ,2,ランチ,1380,0
20240424-022,,2024-04-24 13:02:17,2,女,1,店内,1,晴れ,2,ランチ,1200,240
20240424-023,,2024-04-24 13:25:15,1,男,2,テイクアウト,1,晴れ,2,ランチ,1900,0
20240424-024,,2024-04-24 15:14:14,2,女,1,店内,1,晴れ,3,ティータイム,800,40
20240424-025,,2024-04-24 15:25:31,2,女,2,テイクアウト,1,晴れ,3,ティータイム,1880,0
20240424-026,,2024-04-24 15:42:01,2,女,1,店内,1,晴れ,3,ティータイム,800,130
20240424-027,,2024-04-24 15:49:32,1,男,1,店内,1,晴れ,3,ティータイム,720,0
20240424-009,,2024-04-24 09:02:50,1,男,1,店内,1,晴れ,4,レギュラー,750,0
20240424-010,,2024-04-24 09:18:07,2,女,1,店内,1,晴れ,4,レギュラー,950,0
20240424-011,,2024-04-24 09:45:27,1,男,1,店内,1,晴れ,4,レギュラー,380,0
20240424-012,,2024-04-24 09:50:23,1,男,1,店内,1,晴れ,4,レギュラー,450,0
20240424-013,,2024-04-24 10:06:01,1,男,1,店内,1,晴れ,4,レギュラー,1450,0
20240424-014,,2024-04-24 10:22:25,1,男,1,店内,1,晴れ,4,レギュラー,1360,0
20240424-015,,2024-04-24 10:32:11,1,男,1,店内,1,晴れ,4,レギュラー,800,0
20240424-016,,2024-04-24 10:58:21,1,男,1,店内,1,晴れ,4,レギュラー,870,0
20240425-001,,2024-04-25 07:02:34,1,男,1,店内,3,雨,1,モーニング,900,70
20240425-002,,2024-04-25 07:27:10,1,男,2,テイクアウト,3,雨,1,モーニング,1330,0
20240425-003,,2024-04-25 07:44:10,1,男,1,店内,3,雨,1,モーニング,900,80
20240425-009,,2024-04-25 11:48:05,1,男,1,店内,3,雨,2,ランチ,1200,140
20240425-010,,2024-04-25 12:06:02,1,男,1,店内,3,雨,2,ランチ,1200,250
20240425-011,,2024-04-25 12:21:20,2,女,1,店内,3,雨,2,ランチ,1200,100
20240425-012,,2024-04-25 12:39:35,1,男,1,店内,3,雨,2,ランチ,1200,290
20240425-013,,2024-04-25 12:59:09,1,男,1,店内,3,雨,2,ランチ,1200,190
20240425-014,,2024-04-25 13:06:30,2,女,1,店内,3,雨,2,ランチ,1200,240
20240425-015,,2024-04-25 13:18:33,1,男,1,店内,3,雨,2,ランチ,1200,170
20240425-016,,2024-04-25 15:09:17,1,男,1,店内,3,雨,3,ティータイム,800,100
20240425-017,,2024-04-25 15:27:32,2,女,2,テイクアウト,3,雨,3,ティータイム,800,0
20240425-018,,2024-04-25 15:30:46,1,男,2,テイクアウト,3,雨,3,ティータイム,1040,0
20240425-004,,2024-04-25 09:04:22,2,女,1,店内,3,雨,4,レギュラー,380,0
20240425-005,,2024-04-25 09:18:50,1,男,1,店内,3,雨,4,レギュラー,950,0
20240425-006,,2024-04-25 09:33:45,1,男,1,店内,3,雨,4,レギュラー,770,0
20240425-007,,2024-04-25 09:55:45,2,女,1,店内,3,雨,4,レギュラー,1490,0
20240425-008,,2024-04-25 10:05:41,2,女,1,店内,3,雨,4,レギュラー,840,0
20240426-001,,2024-04-26 07:13:02,1,男,1,店内,3,雨,1,モーニング,880,0
20240426-002,,2024-04-26 07:15:26,1,男,1,店内,3,雨,1,モーニング,900,0
20240426-003,,2024-04-26 07:34:24,2,女,1,店内,3,雨,1,モーニング,900,150
20240426-006,,2024-04-26 11:48:01,2,女,1,店内,3,雨,2,ランチ,1200,120
20240426-007,,2024-04-26 12:06:32,1,男,1,店内,3,雨,2,ランチ,1200,120
20240426-008,,2024-04-26 12:26:54,2,女,1,店内,3,雨,2,ランチ,1200,310
20240426-009,,2024-04-26 12:36:57,1,男,1,店内,3,雨,2,ランチ,1200,210
20240426-010,,2024-04-26 12:50:28,2,女,1,店内,3,雨,2,ランチ,1200,300
20240426-011,,2024-04-26 13:11:04,1,男,1,店内,3,雨,2,ランチ,1200,240
20240426-012,,2024-04-26 13:23:01,1,男,1,店内,3,雨,2,ランチ,1200,140
20240426-013,,2024-04-26 15:13:02,2,女,1,店内,3,雨,3,ティータイム,800,60
20240426-014,,2024-04-26 15:17:20,2,女,2,テイクアウト,3,雨,3,ティータイム,2680,0
20240426-015,,2024-04-26 15:38:05,2,女,1,店内,3,雨,3,ティータイム,800,30
20240426-004,,2024-04-26 09:12:13,1,男,1,店内,3,雨,4,レギュラー,1490,0
20240426-005,,2024-04-26 09:20:13,2,女,1,店内,3,雨,4,レギュラー,1480,0
20240427-001,,2024-04-27 07:08:36,2,女,1,店内,2,曇り,1,モーニング,900,80
20240427-002,,2024-04-27 07:16:45,1,男,1,店内,2,曇り,1,モーニング,900,150
20240427-003,,2024-04-27 07:34:53,2,女,1,店内,2,曇り,1,モーニング,900,50
20240427-004,,2024-04-27 07:57:15,1,男,1,店内,2,曇り,1,モーニング,850,0
20240427-005,,2024-04-27 08:12:19,2,女,1,店内,2,曇り,1,モーニング,900,70
20240427-006,,2024-04-27 08:26:17,1,男,1,店内,2,曇り,1,モーニング,900,130
20240427-007,,2024-04-27 08:40:49,1,男,2,テイクアウト,2,曇り,1,モーニング,870,0
20240427-013,,2024-04-27 11:57:10,2,女,1,店内,2,曇り,2,ランチ,1200,130
20240427-014,,2024-04-27 12:08:36,2,女,1,店内,2,曇り,2,ランチ,1200,260
20240427-015,,2024-04-27 12:22:11,1,男,1,店内,2,曇り,2,ランチ,1200,180
20240427-016,,2024-04-27 12:33:43,2,女,1,店内,2,曇り,2,ランチ,1200,260
20240427-017,,2024-04-27 12:57:23,1,男,1,店内,2,曇り,2,ランチ,1200,200
20240427-018,,2024-04-27 13:09:53,2,女,1,店内,2,曇り,2,ランチ,1200,310
20240427-019,,2024-04-27 13:17:59,1,男,1,店内,2,曇り,2,ランチ,1200,220
20240427-020,,2024-04-27 15:14:18,1,男,2,テイクアウト,2,曇り,3,ティータイム,480,0
20240427-021,,2024-04-27 15:28:31,2,女,1,店内,2,曇り,3,ティータイム,800,50
20240427-022,,2024-04-27 15:37:35,1,男,1,店内,2,曇り,3,ティータイム,800,60
20240427-023,,2024-04-27 15:52:32,1,男,1,店内,2,曇り,3,ティータイム,800,50
20240427-008,,2024-04-27 09:08:28,2,女,1,店内,2,曇り,4,レギュラー,1480,0
20240427-009,,2024-04-27 09:24:57,2,女,1,店内,2,曇り,4,レギュラー,880,0
20240427-010,,2024-04-27 09:34:17,2,女,1,店内,2,曇り,4,レギュラー,800,0
20240427-011,,2024-04-27 09:49:16,2,女,1,店内,2,曇り,4,レギュラー,830,0
20240427-012,,2024-04-27 10:04:55,2,女,1,店内,2,曇り,4,レギュラー,420,0
20240428-001,,2024-04-28 07:14:56,2,女,2,テイクアウト,2,曇り,1,モーニング,2460,0
20240428-002,,2024-04-28 07:26:55,1,男,1,店内,2,曇り,1,モーニング,900,120
20240428-003,,2024-04-28 07:34:42,2,女,1,店内,2,曇り,1,モーニング,900,70
20240428-004,,2024-04-28 07:52:32,1,男,1,店内,2,曇り,1,モーニング,900,20
20240428-005,,2024-04-28 08:04:46,2,女,1,店内,2,曇り,1,モーニング,900,200
20240428-006,,2024-04-28 08:22:41,1,男,1,店内,2,曇り,1,モーニング,900,70
20240428-007,,2024-04-28 08:36:04,1,男,2,テイクアウト,2,曇り,1,モーニング,1100,0
20240428-008,,2024-04-28 08:48:46,2,女,1,店内,2,曇り,1,モーニング,900,80
20240428-016,,2024-04-28 11:46:36,2,女,1,店内,2,曇り,2,ランチ,1200,260
20240428-017,,2024-04-28 12:08:57,1,男,2,テイクアウト,2,曇り,2,ランチ,2390,0
20240428-018,,2024-04-28 12:17:42,2,女,1,店内,2,曇り,2,ランチ,1200,160
20240428-019,,2024-04-28 12:31:32,2,女,2,テイクアウト,2,曇り,2,ランチ,350,0
20240428-020,,2024-04-28 12:58:00,1,男,1,店内,2,曇り,2,ランチ,1200,280
20240428-021,,2024-04-28 13:11:07,1,男,1,店内,2,曇り,2,ランチ,1200,190
20240428-022,,2024-04-28 13:23:04,1,男,1,店内,2,曇り,2,ランチ,1200,70
20240428-023,,2024-04-28 15:00:55,2,女,1,店内,2,曇り,3,ティータイム,800,40
20240428-024,,2024-04-28 15:22:56,2,女,1,店内,2,曇り,3,ティータイム,800,70
20240428-025,,2024-04-28 15:33:32,1,男,1,店内,2,曇り,3,ティータイム,800,0
20240428-026,,2024-04-28 15:45:26,2,女,1,店内,2,曇り,3,ティータイム,750,0
20240428-009,,2024-04-28 09:05:48,1,男,1,店内,2,曇り,4,レギュラー,1520,0
20240428-010,,2024-04-28 09:20:53,2,女,1,店内,2,曇り,4,レギュラー,880,0
20240428-011,,2024-04-28 09:42:43,2,女,2,テイクアウト,2,曇り,4,レギュラー,900,0
20240428-012,,2024-04-28 09:45:53,1,男,1,店内,2,曇り,4,レギュラー,870,0
20240428-013,,2024-04-28 10:00:01,2,女,1,店内,2,曇り,4,レギュラー,780,0
20240428-014,,2024-04-28 10:29:40,2,女,1,店内,2,曇り,4,レギュラー,950,0
20240428-015,,2024-04-28 10:41:04,1,男,1,店内,2,曇り,4,レギュラー,450,0
20240429-001,,2024-04-29 07:02:36,1,男,1,店内,1,晴れ,1,モーニング,900,40
20240429-002,,2024-04-29 07:17:33,1,男,1,店内,1,晴れ,1,モーニング,880,0
20240429-003,,2024-04-29 07:36:45,2,女,1,店内,1,晴れ,1,モーニング,880,0
20240429-004,,2024-04-29 07:48:40,1,男,1,店内,1,晴れ,1,モーニング,900,50
20240429-005,,2024-04-29 08:07:39,1,男,1,店内,1,晴れ,1,モーニング,900,60
20240429-006,,2024-04-29 08:20:27,2,女,1,店内,1,晴れ,1,モーニング,880,0
20240429-014,,2024-04-29 11:49:22,2,女,2,テイクアウト,1,晴れ,2,ランチ,1480,0
20240429-015,,2024-04-29 12:10:30,1,男,1,店内,1,晴れ,2,ランチ,1200,280
20240429-016,,2024-04-29 12:27:19,1,男,1,店内,1,晴れ,2,ランチ,1200,260
20240429-017,,2024-04-29 12:32:48,1,男,1,店内,1,晴れ,2,ランチ,1200,200
20240429-018,,2024-04-29 12:57:47,1,男,1,店内,1,晴れ,2,ランチ,1200,100
20240429-019,,2024-04-29 13:06:38,2,女,1,店内,1,晴れ,2,ランチ,1200,280
20240429-020,,2024-04-29 13:28:20,2,女,1,店内,1,晴れ,2,ランチ,1200,280
20240429-021,,2024-04-29 15:06:10,2,女,1,店内,1,晴れ,3,ティータイム,800,50
20240429-022,,2024-04-29 15:18:53,2,女,2,テイクアウト,1,晴れ,3,ティータイム,2340,0
20240429-023,,2024-04-29 15:31:02,1,男,1,店内,1,晴れ,3,ティータイム,760,0
20240429-024,,2024-04-29 15:52:32,1,男,1,店内,1,晴れ,3,ティータイム,800,0
20240429-007,,2024-04-29 09:01:09,1,男,1,店内,1,晴れ,4,レギュラー,840,0
20240429-008,,2024-04-29 09:22:27,1,男,1,店内,1,晴れ,4,レギュラー,1450,0
20240429-009,,2024-04-29 09:32:00,1,男,2,テイクアウト,1,晴れ,4,レギュラー,450,0
20240429-010,,2024-04-29 09:46:10,2,女,1,店内,1,晴れ,4,レギュラー,1430,0
20240429-011,,2024-04-29 10:05:07,1,男,1,店内,1,晴れ,4,レギュラー,840,0
20240429-012,,2024-04-29 10:22:22,2,女,1,店内,1,晴れ,4,レギュラー,870,0
20240429-013,,2024-04-29 10:42:51,1,男,1,店内,1,晴れ,4,レギュラー,1000,0
20240430-001,,2024-04-30 07:00:45,2,女,1,店内,1,晴れ,1,モーニング,900,110
20240430-002,,2024-04-30 07:20:11,2,女,1,店内,1,晴れ,1,モーニング,900,0
20240430-003,,2024-04-30 07:39:11,1,男,1,店内,1,晴れ,1,モーニング,820,0
20240430-004,,2024-04-30 07:48:47,2,女,1,店内,1,晴れ,1,モーニング,900,130
20240430-005,,2024-04-30 08:01:43,1,男,2,テイクアウト,1,晴れ,1,モーニング,1950,0
20240430-006,,2024-04-30 08:29:25,2,女,1,店内,1,晴れ,1,モーニング,880,0
20240430-010,,2024-04-30 11:46:23,2,女,1,店内,1,晴れ,2,ランチ,1200,190
20240430-011,,2024-04-30 12:04:06,1,男,1,店内,1,晴れ,2,ランチ,1200,200
20240430-012,,2024-04-30 12:17:04,1,男,1,店内,1,晴れ,2,ランチ,1200,160
20240430-013,,2024-04-30 12:40:59,2,女,2,テイクアウト,1,晴れ,2,ランチ,1070,0
20240430-014,,2024-04-30 12:47:06,1,男,2,テイクアウト,1,晴れ,2,ランチ,1360,0
20240430-015,,2024-04-30 13:02:46,1,男,1,店内,1,晴れ,2,ランチ,1200,290
20240430-016,,2024-04-30 13:27:55,1,男,1,店内,1,晴れ,2,ランチ,1200,350
20240430-017,,2024-04-30 15:02:18,1,男,1,店内,1,晴れ,3,ティータイム,750,0
20240430-018,,2024-04-30 15:27:28,1,男,1,店内,1,晴れ,3,ティータイム,800,130
20240430-019,,2024-04-30 15:41:17,2,女,1,店内,1,晴れ,3,ティータイム,800,100
20240430-020,,2024-04-30 15:54:17,2,女,1,店内,1,晴れ,3,ティータイム,800,70
20240430-007,,2024-04-30 09:15:38,2,女,1,店内,1,晴れ,4,レギュラー,1070,0
20240430-008,,2024-04-30 09:26:07,1,男,2,テイクアウト,1,晴れ,4,レギュラー,2660,0
20240430-009,,2024-04-30 09:43:37,1,男,1,店内,1,晴れ,4,レギュラー,300,0
